{"cameraMode":{"drawMode":0,"name":"Shaded","section":"Shading Mode"},"sceneLighting":true,"audioPlay":false,"sceneViewState":{"showFog":false,"showMaterialUpdate":false,"showSkybox":false,"showFlares":false,"showImageEffects":false,"showParticleSystems":true},"in2DMode":false,"pivot":{"x":-17.436973571777345,"y":27.325679779052736,"z":-6.288166046142578},"rotation":{"x":-0.17099055647850038,"y":0.5970069766044617,"z":-0.1321326494216919,"w":-0.7725839018821716},"size":3.721104621887207,"orthographic":false}