{"cameraMode":{"drawMode":0,"name":"Shaded","section":"Shading Mode"},"sceneLighting":false,"audioPlay":false,"sceneViewState":{"showFog":false,"showMaterialUpdate":false,"showSkybox":false,"showFlares":false,"showImageEffects":false,"showParticleSystems":true},"in2DMode":false,"pivot":{"x":1.059999942779541,"y":0.3619500398635864,"z":-13.503999710083008},"rotation":{"x":-0.3623977601528168,"y":0.4749465584754944,"z":-0.22348521649837495,"w":-0.7701610922813416},"size":3.411959648132324,"orthographic":false}